split,auc,ap,logloss,brier
VALID,0.9454239914856274,0.37976850311767296,0.17868576546372664,0.059424732556106
TEST,0.9186618698423183,0.32380428511185383,0.17951469417834048,0.05710343720801389
