airport,n_alerts,mean_size,median_size,mean_duration,median_duration
Pise,769,23.304291287386217,3.0,33.10409622886866,11.3
Biarritz,590,16.798305084745763,3.0,25.64,7.066666666666666
Bastia,532,25.830827067669173,3.0,32.18063909774436,10.141666666666666
Ajaccio,530,20.088679245283018,2.0,28.516163522012576,8.383333333333333
Nantes,206,21.25242718446602,2.0,27.863268608414238,8.766666666666666
