bin,count,mean
"(0.999, 3.0]",5946,0.2864110326269761
"(3.0, 7.0]",6345,0.09204097714736012
"(7.0, 11.0]",4946,0.033764658309745246
"(11.0, 17.0]",5488,0.015852769679300292
"(17.0, 27.0]",5892,0.009164969450101833
"(27.0, 40.0]",5690,0.002460456942003515
"(40.0, 57.0]",5462,0.0014646649578908824
"(57.0, 87.0]",5666,0.00035298270384751147
"(87.0, 132.0]",5592,0.000894134477825465
"(132.0, 369.0]",5572,0.0005384063173007897
