bin,count,mean
"(0.58, 11.747]",5660,0.0734982332155477
"(11.747, 14.016]",5660,0.04169611307420495
"(14.016, 15.457]",5660,0.03250883392226148
"(15.457, 16.607]",5660,0.02950530035335689
"(16.607, 17.72]",5660,0.038869257950530034
"(17.72, 18.729]",5659,0.040819932850326916
"(18.729, 19.747]",5660,0.04787985865724382
"(19.747, 20.866]",5660,0.03975265017667844
"(20.866, 22.316]",5660,0.037809187279151946
"(22.316, 28.347]",5660,0.08180212014134276
