bin,count,mean
"(0.999, 4.0]",6542,0.27850810149801286
"(4.0, 9.0]",5195,0.08662175168431184
"(9.0, 17.0]",5621,0.03397971891122576
"(17.0, 30.0]",5495,0.013830755232029117
"(30.0, 50.0]",5593,0.010370105489004112
"(50.0, 79.0]",5630,0.003374777975133215
"(79.0, 132.0]",5578,0.0014342058085335247
"(132.0, 204.0]",5685,0.0005277044854881266
"(204.0, 323.0]",5618,0.0
"(323.0, 1369.0]",5642,0.0
