bin,count,mean
"(0.036199999999999996, 0.691]",5688,0.0010548523206751054
"(0.691, 1.246]",5692,0.004743499648629656
"(1.246, 1.797]",5604,0.0046395431834403995
"(1.797, 2.698]",5663,0.008476072752957796
"(2.698, 3.667]",5656,0.012199434229137199
"(3.667, 5.131]",5670,0.018518518518518517
"(5.131, 6.979]",5661,0.03797915562621445
"(6.979, 9.515]",5652,0.055909412597310686
"(9.515, 13.301]",5653,0.09711657526976826
"(13.301, 19.995]",5660,0.22367491166077738
