,pise_2016,pise_other_years
n,24421.0,132297.0
icloud_rate,0.7945620572458131,0.7291095036168621
cg_rate,0.20543794275418698,0.27089049638313795
mean_dist,20.253071330074143,20.339784181000905
mean_abs_amp,10.501856598828875,10.226224706531516
