season,n_alerts,mean_size,median_size,mean_duration,median_duration
summer,821,33.0694275274056,4.0,37.66967113276492,16.816666666666666
autumn,807,24.786864931846345,3.0,33.83659644774887,10.133333333333333
spring,580,11.668965517241379,2.0,22.45735632183908,5.25
winter,419,6.391408114558472,2.0,17.42231503579952,2.6
