split,auc,ap,logloss,brier
VALID,1.0,1.0,0.5546161010192876,0.18125654438413788
TEST,0.9999983967833059,0.9999462148715881,0.5580624569144169,0.18294487955700636
