split,auc,ap,logloss,brier
VALID,0.9545147025415527,0.44106078714404606,0.09639486419656455,0.029553558509204495
TEST,0.928854230906669,0.3624323157684072,0.10332859044908416,0.029206750163227026
