split,auc,ap
VALID,0.9475108841441593,0.38673432211220743
EVAL,0.9127409140717156,0.3726080282611702
