split,auc,ap,logloss,brier
VALID,0.9975981751359156,0.9105564487760562,0.10365527992762684,0.027538641221735823
