split,top1_alert_accuracy,top3_alert_accuracy,mrr
VALID,0.7849056603773585,0.8754716981132076,0.8431978142362276
TEST,0.6696696696696697,0.8258258258258259,0.7579316092720917
