split,auc,ap,logloss,brier
VALID,0.9514911044099844,0.4155940331547738,0.21635900000058647,0.07307356950297357
TEST,0.9251055540057795,0.34887118633091463,0.21041396271397997,0.06742577801636641
